{
    "loss": 12.41196060180664,
    "accuracy": 0.4516128897666931
}