{
    "loss": 33.04020690917969,
    "accuracy": 0.5483871102333069
}